<?xml version="1.0" encoding="utf-8" ?>
<dwsync>
<file name="blank.gif" server="ftp.chimphost.net//public_html/backups/rocketband/" local="129094895960000000" remote="129877480200000000" Dst="0" />
<file name="fancybox-x.png" server="ftp.chimphost.net//public_html/backups/rocketband/" local="129122448900000000" remote="129877480200000000" Dst="0" />
<file name="fancybox-y.png" server="ftp.chimphost.net//public_html/backups/rocketband/" local="129122445480000000" remote="129877480200000000" Dst="0" />
<file name="fancybox.png" server="ftp.chimphost.net//public_html/backups/rocketband/" local="129122105700000000" remote="129877480200000000" Dst="0" />
<file name="fancy_loading.png" server="ftp.chimphost.net//public_html/backups/rocketband/" local="129081248500000000" remote="129877480200000000" Dst="0" />
<file name="fancy_close.png" server="ftp.chimphost.net//public_html/backups/rocketband/" local="129095728340000000" remote="129877480200000000" Dst="0" />
<file name="fancy_nav_left.png" server="ftp.chimphost.net//public_html/backups/rocketband/" local="129095728340000000" remote="129877480200000000" Dst="0" />
<file name="fancy_nav_right.png" server="ftp.chimphost.net//public_html/backups/rocketband/" local="129095728340000000" remote="129877480200000000" Dst="0" />
<file name="fancy_shadow_e.png" server="ftp.chimphost.net//public_html/backups/rocketband/" local="129095728340000000" remote="129877480200000000" Dst="0" />
<file name="fancy_shadow_n.png" server="ftp.chimphost.net//public_html/backups/rocketband/" local="129095728340000000" remote="129877480200000000" Dst="0" />
<file name="fancy_shadow_ne.png" server="ftp.chimphost.net//public_html/backups/rocketband/" local="129095728340000000" remote="129877480200000000" Dst="0" />
<file name="fancy_shadow_nw.png" server="ftp.chimphost.net//public_html/backups/rocketband/" local="129095728340000000" remote="129877480200000000" Dst="0" />
<file name="fancy_shadow_s.png" server="ftp.chimphost.net//public_html/backups/rocketband/" local="129095728340000000" remote="129877480200000000" Dst="0" />
<file name="fancy_shadow_se.png" server="ftp.chimphost.net//public_html/backups/rocketband/" local="129095728340000000" remote="129877480200000000" Dst="0" />
<file name="fancy_shadow_sw.png" server="ftp.chimphost.net//public_html/backups/rocketband/" local="129095728340000000" remote="129877480200000000" Dst="0" />
<file name="fancy_shadow_w.png" server="ftp.chimphost.net//public_html/backups/rocketband/" local="129095728340000000" remote="129877480200000000" Dst="0" />
<file name="fancy_title_left.png" server="ftp.chimphost.net//public_html/backups/rocketband/" local="129095728340000000" remote="129877480200000000" Dst="0" />
<file name="fancy_title_main.png" server="ftp.chimphost.net//public_html/backups/rocketband/" local="129095728340000000" remote="129877480200000000" Dst="0" />
<file name="fancy_title_over.png" server="ftp.chimphost.net//public_html/backups/rocketband/" local="129095728340000000" remote="129877480200000000" Dst="0" />
<file name="fancy_title_right.png" server="ftp.chimphost.net//public_html/backups/rocketband/" local="129095728340000000" remote="129877480200000000" Dst="0" />
</dwsync>