<?xml version="1.0" encoding="utf-8" ?>
<dwsync>
<file name="index.html" server="ftp.chimphost.net//public_html/backups/rocketband/" local="129881047724550355" remote="129880915800000000" Dst="0" />
<file name="album-detail.html" server="ftp.chimphost.net//public_html/backups/rocketband/" local="129881075887661193" remote="129880935000000000" Dst="0" />
<file name="about-us.html" server="ftp.chimphost.net//public_html/backups/rocketband/" local="129881011820034884" remote="129880883400000000" Dst="0" />
<file name="albums.html" server="ftp.chimphost.net//public_html/backups/rocketband/" local="129881011821454954" remote="129880883400000000" Dst="0" />
<file name="contact-us.html" server="ftp.chimphost.net//public_html/backups/rocketband/" local="129881011824305117" remote="129880883400000000" Dst="0" />
<file name="blog-detail.html" server="ftp.chimphost.net//public_html/backups/rocketband/" local="129881011822204997" remote="129880883400000000" Dst="0" />
<file name="blog.html" server="ftp.chimphost.net//public_html/backups/rocketband/" local="129881011822945039" remote="129880883400000000" Dst="0" />
<file name="gallery-three-col.html" server="ftp.chimphost.net//public_html/backups/rocketband/" local="129881202835452191" remote="129881079600000000" Dst="0" />
<file name="gallery-four-col.html" server="ftp.chimphost.net//public_html/backups/rocketband/" local="129881202851163090" remote="129881059200000000" Dst="0" />
<file name="gallery-two-col.html" server="ftp.chimphost.net//public_html/backups/rocketband/" local="129881202836102229" remote="129881059200000000" Dst="0" />
<file name="news.html" server="ftp.chimphost.net//public_html/backups/rocketband/" local="129881011829435410" remote="129880883400000000" Dst="0" />
<file name="calendar.html" server="ftp.chimphost.net//public_html/backups/rocketband/" local="129881011823655080" remote="129880883400000000" Dst="0" />
<file name="map.html" server="ftp.chimphost.net//public_html/backups/rocketband/" local="129881011829145394" remote="129880883400000000" Dst="0" />
<file name="timeline.html" server="ftp.chimphost.net//public_html/backups/rocketband/" local="129881011829785430" remote="129880883400000000" Dst="0" />
</dwsync>