<?xml version="1.0" encoding="utf-8" ?>
<dwsync>
<file name="jquery.easing.1.3.js" server="ftp.chimphost.net//public_html/backups/rocketband/" local="129688486140000000" remote="129881059800000000" Dst="0" />
<file name="ddsmoothmenu.js" server="ftp.chimphost.net//public_html/backups/rocketband/" local="129881071780000000" remote="129881059800000000" Dst="0" />
<file name="jquery.fancybox-1.3.1.js" server="ftp.chimphost.net//public_html/backups/rocketband/" local="129122689180000000" remote="129878398200000000" Dst="0" />
<file name="jquery.nivo.slider.js" server="ftp.chimphost.net//public_html/backups/rocketband/" local="129839716123261763" remote="129878398200000000" Dst="0" />
<file name="lightbox.js" server="ftp.chimphost.net//public_html/backups/rocketband/" local="129878545740000000" remote="129881059800000000" Dst="0" />
<file name="scrolltopcontrol.js" server="ftp.chimphost.net//public_html/backups/rocketband/" local="129706760660000000" remote="129878398200000000" Dst="0" />
<file name="jquery.min.js" server="ftp.chimphost.net//public_html/backups/rocketband/" local="129688486140000000" remote="129881059800000000" Dst="0" />
<file name="jquery.countdown.js" server="ftp.chimphost.net//public_html/backups/rocketband/" local="129877758860000000" remote="129881059800000000" Dst="0" />
<file name="jplayer.playlist.min.js" server="ftp.chimphost.net//public_html/backups/rocketband/" local="129593516560000000" remote="129878398200000000" Dst="0" />
<file name="player.js" server="ftp.chimphost.net//public_html/backups/rocketband/" local="129878670684865661" remote="129880883400000000" Dst="0" />
<file name="jquery.jplayer.min.js" server="ftp.chimphost.net//public_html/backups/rocketband/" local="129593510560000000" remote="129878398200000000" Dst="0" />
<file name="tabs.js" server="ftp.chimphost.net//public_html/backups/rocketband/" local="129876718789731057" remote="129878398200000000" Dst="0" />
<file name="jquery.mCustomScrollbar.js" server="ftp.chimphost.net//public_html/backups/rocketband/" local="129877723220000000" remote="129881059800000000" Dst="0" />
<file name="jquery-ui.min.js" server="ftp.chimphost.net//public_html/backups/rocketband/" local="129688486140000000" remote="129881059800000000" Dst="0" />
<file name="animatedcollapse.js" server="ftp.chimphost.net//public_html/backups/rocketband/" local="129876682320000000" remote="129881059800000000" Dst="0" />
<file name="jquery.infinite-carousel.js" server="ftp.chimphost.net//public_html/backups/rocketband/" local="129839919240809422" remote="129878398200000000" Dst="0" />
<file name="gcal.js" server="ftp.chimphost.net//public_html/backups/rocketband/" local="129842378825199760" remote="129878398200000000" Dst="0" />
<file name="fullcalendar.min.js" server="ftp.chimphost.net//public_html/backups/rocketband/" local="129844996040000000" remote="129881059800000000" Dst="0" />
<file name="jquery.quicksand.js" server="ftp.chimphost.net//public_html/backups/rocketband/" local="129878644446164894" remote="129880883400000000" Dst="0" />
<file name="main.js" server="ftp.chimphost.net//public_html/backups/rocketband/" local="129878652600000000" remote="129881059800000000" Dst="0" />
<file name="map.js" server="ftp.chimphost.net//public_html/backups/rocketband/" local="129877727600000000" remote="129881059800000000" Dst="0" />
<file name="markermanager.js" server="ftp.chimphost.net//public_html/backups/rocketband/" local="128803327800000000" remote="129881059800000000" Dst="0" />
<file name="markermanager_packed.js" server="ftp.chimphost.net//public_html/backups/rocketband/" local="128803327800000000" remote="129881060400000000" Dst="0" />
<file name="circle.js" server="ftp.chimphost.net//public_html/backups/rocketband/" local="129878466060000000" remote="129881059800000000" Dst="0" />
<file name="mod.js" server="ftp.chimphost.net//public_html/backups/rocketband/" local="129878466060000000" remote="129881060400000000" Dst="0" />
<file name="play.js" server="ftp.chimphost.net//public_html/backups/rocketband/" local="129878484966760006" remote="129878398200000000" Dst="0" />
<file name="Miaow-07-Bubble.oga" server="ftp.chimphost.net//public_html/backups/rocketband/" local="129878466120000000" remote="129881060400000000" Dst="0" />
</dwsync>