<?xml version="1.0" encoding="utf-8" ?>
<dwsync>
<file name="album1.jpg" server="ftp.chimphost.net//public_html/backups/rocketband/" local="129864734425676073" remote="129864623400000000" Dst="0" />
<file name="album2.jpg" server="ftp.chimphost.net//public_html/backups/rocketband/" local="129864734825308931" remote="129864623400000000" Dst="0" />
<file name="amazon-gray-icon.png" server="ftp.chimphost.net//public_html/backups/rocketband/" local="129864736080000000" remote="129881059200000000" Dst="0" />
<file name="album3.jpg" server="ftp.chimphost.net//public_html/backups/rocketband/" local="129864735186719602" remote="129864623400000000" Dst="0" />
<file name="amazon-icon.png" server="ftp.chimphost.net//public_html/backups/rocketband/" local="129864731560000000" remote="129881059200000000" Dst="0" />
<file name="apple-gray-icon.png" server="ftp.chimphost.net//public_html/backups/rocketband/" local="129864736620000000" remote="129881059200000000" Dst="0" />
<file name="album4.jpg" server="ftp.chimphost.net//public_html/backups/rocketband/" local="129864735384730928" remote="129864624000000000" Dst="0" />
<file name="apple-icon.png" server="ftp.chimphost.net//public_html/backups/rocketband/" local="129864733660000000" remote="129881059200000000" Dst="0" />
<file name="banner-arrows.png" server="ftp.chimphost.net//public_html/backups/rocketband/" local="129864692660000000" remote="129881059200000000" Dst="0" />
<file name="banner1.jpg" server="ftp.chimphost.net//public_html/backups/rocketband/" local="129877675180000000" remote="129881059200000000" Dst="0" />
<file name="banner2.jpg" server="ftp.chimphost.net//public_html/backups/rocketband/" local="129865565520000000" remote="129881059200000000" Dst="0" />
<file name="banner3.jpg" server="ftp.chimphost.net//public_html/backups/rocketband/" local="129865565720000000" remote="129881059200000000" Dst="0" />
<file name="banner4.jpg" server="ftp.chimphost.net//public_html/backups/rocketband/" local="129865564960000000" remote="129881059200000000" Dst="0" />
<file name="black.png" server="ftp.chimphost.net//public_html/backups/rocketband/" local="129864692845627830" remote="129864624000000000" Dst="0" />
<file name="bubble-bg.png" server="ftp.chimphost.net//public_html/backups/rocketband/" local="129864738620000000" remote="129881059200000000" Dst="0" />
<file name="bg.gif" server="ftp.chimphost.net//public_html/backups/rocketband/" local="129864686164875713" remote="129864624000000000" Dst="0" />
<file name="cart-icon.png" server="ftp.chimphost.net//public_html/backups/rocketband/" local="129864690440000000" remote="129881059200000000" Dst="0" />
<file name="date-bg.gif" server="ftp.chimphost.net//public_html/backups/rocketband/" local="129864729140143758" remote="129864624000000000" Dst="0" />
<file name="favicon.ico" server="ftp.chimphost.net//public_html/backups/rocketband/" local="129864759161170862" remote="129864624000000000" Dst="0" />
<file name="gotop.png" server="ftp.chimphost.net//public_html/backups/rocketband/" local="129864739988374241" remote="129864624000000000" Dst="0" />
<file name="grooveshark-gray-icon.png" server="ftp.chimphost.net//public_html/backups/rocketband/" local="129864737225036187" remote="129864624000000000" Dst="0" />
<file name="grooveshark-icon.png" server="ftp.chimphost.net//public_html/backups/rocketband/" local="129864734000000000" remote="129881059800000000" Dst="0" />
<file name="header-bg.gif" server="ftp.chimphost.net//public_html/backups/rocketband/" local="129864691020000000" remote="129881059800000000" Dst="0" />
<file name="img1.jpg" server="ftp.chimphost.net//public_html/backups/rocketband/" local="129864727529711646" remote="129864624000000000" Dst="0" />
<file name="img2.jpg" server="ftp.chimphost.net//public_html/backups/rocketband/" local="129877674748562866" remote="129877569000000000" Dst="0" />
<file name="logo-foot.png" server="ftp.chimphost.net//public_html/backups/rocketband/" local="129864747768929263" remote="129864624000000000" Dst="0" />
<file name="logo.png" server="ftp.chimphost.net//public_html/backups/rocketband/" local="129864689709458452" remote="129864624000000000" Dst="0" />
<file name="img3.jpg" server="ftp.chimphost.net//public_html/backups/rocketband/" local="129864728327637285" remote="129864624000000000" Dst="0" />
<file name="sep1.png" server="ftp.chimphost.net//public_html/backups/rocketband/" local="129864690060000000" remote="129881059800000000" Dst="0" />
<file name="sep2.png" server="ftp.chimphost.net//public_html/backups/rocketband/" local="129864739088542774" remote="129864624000000000" Dst="0" />
<file name="social-amazon.png" server="ftp.chimphost.net//public_html/backups/rocketband/" local="129864745124127989" remote="129864624000000000" Dst="0" />
<file name="social-apple.png" server="ftp.chimphost.net//public_html/backups/rocketband/" local="129864745840000000" remote="129881059800000000" Dst="0" />
<file name="bg-sides.png" server="ftp.chimphost.net//public_html/backups/rocketband/" local="129877704984920177" remote="129877569000000000" Dst="0" />
<file name="social-fb.png" server="ftp.chimphost.net//public_html/backups/rocketband/" local="129864741080000000" remote="129881059800000000" Dst="0" />
<file name="social-grooveshark.png" server="ftp.chimphost.net//public_html/backups/rocketband/" local="129864746620000000" remote="129881059800000000" Dst="0" />
<file name="social-soundcloud.png" server="ftp.chimphost.net//public_html/backups/rocketband/" local="129864747185805911" remote="129864624000000000" Dst="0" />
<file name="social-twitter.png" server="ftp.chimphost.net//public_html/backups/rocketband/" local="129864741587835725" remote="129864624000000000" Dst="0" />
<file name="social-vimeo.png" server="ftp.chimphost.net//public_html/backups/rocketband/" local="129864743860000000" remote="129881059800000000" Dst="0" />
<file name="soundcloud-gray-icon.png" server="ftp.chimphost.net//public_html/backups/rocketband/" local="129864737765957126" remote="129864624000000000" Dst="0" />
<file name="soundcloud-icon.png" server="ftp.chimphost.net//public_html/backups/rocketband/" local="129864731220000000" remote="129881059800000000" Dst="0" />
<file name="tweeter-circle.png" server="ftp.chimphost.net//public_html/backups/rocketband/" local="129864728880638915" remote="129864624000000000" Dst="0" />
<file name="head-bg.gif" server="ftp.chimphost.net//public_html/backups/rocketband/" local="129865538220000000" remote="129881059800000000" Dst="0" />
<file name="jplayer.pink.flag.jpg" server="ftp.chimphost.net//public_html/backups/rocketband/" local="129866495180000000" remote="129881059800000000" Dst="0" />
<file name="jplayer.pink.flag.seeking.gif" server="ftp.chimphost.net//public_html/backups/rocketband/" local="129866564560000000" remote="129881059800000000" Dst="0" />
<file name="jplayer.pink.flag.video.play.png" server="ftp.chimphost.net//public_html/backups/rocketband/" local="129552301840000000" remote="129865716000000000" Dst="0" />
<file name="album-bg.png" server="ftp.chimphost.net//public_html/backups/rocketband/" local="129866640840252754" remote="129866574000000000" Dst="0" />
<file name="mute.png" server="ftp.chimphost.net//public_html/backups/rocketband/" local="129866515809641878" remote="129866574000000000" Dst="0" />
<file name="player-bg.gif" server="ftp.chimphost.net//public_html/backups/rocketband/" local="129866520160000000" remote="129881059800000000" Dst="0" />
<file name="repeat.png" server="ftp.chimphost.net//public_html/backups/rocketband/" local="129866521422950120" remote="129866574000000000" Dst="0" />
<file name="sep3.png" server="ftp.chimphost.net//public_html/backups/rocketband/" local="129866649347801569" remote="129866574000000000" Dst="0" />
<file name="shuffle.png" server="ftp.chimphost.net//public_html/backups/rocketband/" local="129866523225680437" remote="129866574000000000" Dst="0" />
<file name="volume-bg.gif" server="ftp.chimphost.net//public_html/backups/rocketband/" local="129866488280219108" remote="129866574000000000" Dst="0" />
<file name="question.png" server="ftp.chimphost.net//public_html/backups/rocketband/" local="129869027121715498" remote="129869035800000000" Dst="0" />
<file name="search-bg.png" server="ftp.chimphost.net//public_html/backups/rocketband/" local="129868991987465216" remote="129869035800000000" Dst="0" />
<file name="share1.gif" server="ftp.chimphost.net//public_html/backups/rocketband/" local="129869089647724177" remote="129869035800000000" Dst="0" />
<file name="share2.gif" server="ftp.chimphost.net//public_html/backups/rocketband/" local="129869089760000000" remote="129881059800000000" Dst="0" />
<file name="share3.gif" server="ftp.chimphost.net//public_html/backups/rocketband/" local="129869089860000000" remote="129881059800000000" Dst="0" />
<file name="share4.gif" server="ftp.chimphost.net//public_html/backups/rocketband/" local="129869089960000000" remote="129881059800000000" Dst="0" />
<file name="share5.gif" server="ftp.chimphost.net//public_html/backups/rocketband/" local="129869090086259179" remote="129869035800000000" Dst="0" />
<file name="share6.gif" server="ftp.chimphost.net//public_html/backups/rocketband/" local="129869090200000000" remote="129881059800000000" Dst="0" />
<file name="twitter-arrows.png" server="ftp.chimphost.net//public_html/backups/rocketband/" local="129868984980000000" remote="129881059800000000" Dst="0" />
<file name="twitter-icon.png" server="ftp.chimphost.net//public_html/backups/rocketband/" local="129868981400000000" remote="129881059800000000" Dst="0" />
<file name="sub-banner1.jpg" server="ftp.chimphost.net//public_html/backups/rocketband/" local="129869054200000000" remote="129881059800000000" Dst="0" />
<file name="avatar1.gif" server="ftp.chimphost.net//public_html/backups/rocketband/" local="129869201082717903" remote="129869140200000000" Dst="0" />
<file name="avatar4.gif" server="ftp.chimphost.net//public_html/backups/rocketband/" local="129869201482570773" remote="129869140200000000" Dst="0" />
<file name="advert1.jpg" server="ftp.chimphost.net//public_html/backups/rocketband/" local="129869268800000000" remote="129881059200000000" Dst="0" />
<file name="avatar5.gif" server="ftp.chimphost.net//public_html/backups/rocketband/" local="129869201640000000" remote="129881059200000000" Dst="0" />
<file name="avatar2.gif" server="ftp.chimphost.net//public_html/backups/rocketband/" local="129869201220000000" remote="129881059200000000" Dst="0" />
<file name="comments-sep.gif" server="ftp.chimphost.net//public_html/backups/rocketband/" local="129869251402466028" remote="129869140200000000" Dst="0" />
<file name="pointer.png" server="ftp.chimphost.net//public_html/backups/rocketband/" local="129869237800000000" remote="129881059800000000" Dst="0" />
<file name="facebook.jpg" server="ftp.chimphost.net//public_html/backups/rocketband/" local="129869916346657941" remote="129869809800000000" Dst="0" />
<file name="thumb1.gif" server="ftp.chimphost.net//public_html/backups/rocketband/" local="129869261180000000" remote="129881059800000000" Dst="0" />
<file name="thumb3.gif" server="ftp.chimphost.net//public_html/backups/rocketband/" local="129869261485722757" remote="129869140800000000" Dst="0" />
<file name="thumb2.gif" server="ftp.chimphost.net//public_html/backups/rocketband/" local="129869261341234493" remote="129869140800000000" Dst="0" />
<file name="sub-banner2.jpg" server="ftp.chimphost.net//public_html/backups/rocketband/" local="129869275820312649" remote="129869140800000000" Dst="0" />
<file name="track-icons.png" server="ftp.chimphost.net//public_html/backups/rocketband/" local="129869190300000000" remote="129881059800000000" Dst="0" />
<file name="album11.jpg" server="ftp.chimphost.net//public_html/backups/rocketband/" local="129869851282363441" remote="129869809800000000" Dst="0" />
<file name="album10.jpg" server="ftp.chimphost.net//public_html/backups/rocketband/" local="129869851140000000" remote="129881059200000000" Dst="0" />
<file name="album12.jpg" server="ftp.chimphost.net//public_html/backups/rocketband/" local="129869851400000000" remote="129881059200000000" Dst="0" />
<file name="album13.jpg" server="ftp.chimphost.net//public_html/backups/rocketband/" local="129869851580000000" remote="129881059200000000" Dst="0" />
<file name="album14.jpg" server="ftp.chimphost.net//public_html/backups/rocketband/" local="129869851744787205" remote="129869809800000000" Dst="0" />
<file name="album15.jpg" server="ftp.chimphost.net//public_html/backups/rocketband/" local="129869851940000000" remote="129881059200000000" Dst="0" />
<file name="album16.jpg" server="ftp.chimphost.net//public_html/backups/rocketband/" local="129869852080000000" remote="129881059200000000" Dst="0" />
<file name="album5.jpg" server="ftp.chimphost.net//public_html/backups/rocketband/" local="129869849206533887" remote="129869809800000000" Dst="0" />
<file name="album6.jpg" server="ftp.chimphost.net//public_html/backups/rocketband/" local="129869849368591550" remote="129869809800000000" Dst="0" />
<file name="album7.jpg" server="ftp.chimphost.net//public_html/backups/rocketband/" local="129869849580000000" remote="129881059200000000" Dst="0" />
<file name="album8.jpg" server="ftp.chimphost.net//public_html/backups/rocketband/" local="129869850200000000" remote="129881059200000000" Dst="0" />
<file name="badge.png" server="ftp.chimphost.net//public_html/backups/rocketband/" local="129869930629122992" remote="129869809800000000" Dst="0" />
<file name="album9.jpg" server="ftp.chimphost.net//public_html/backups/rocketband/" local="129869850405442677" remote="129869809800000000" Dst="0" />
<file name="blog1.jpg" server="ftp.chimphost.net//public_html/backups/rocketband/" local="129869864609239723" remote="129869809800000000" Dst="0" />
<file name="blog2.jpg" server="ftp.chimphost.net//public_html/backups/rocketband/" local="129869929340589292" remote="129869809800000000" Dst="0" />
<file name="bullet.gif" server="ftp.chimphost.net//public_html/backups/rocketband/" local="129869921120000000" remote="129881059200000000" Dst="0" />
<file name="buttonone.gif" server="ftp.chimphost.net//public_html/backups/rocketband/" local="129869887980000000" remote="129881059200000000" Dst="0" />
<file name="dots.gif" server="ftp.chimphost.net//public_html/backups/rocketband/" local="129869919720000000" remote="129881059200000000" Dst="0" />
<file name="blog3.jpg" server="ftp.chimphost.net//public_html/backups/rocketband/" local="129869929480000000" remote="129881059200000000" Dst="0" />
<file name="print.png" server="ftp.chimphost.net//public_html/backups/rocketband/" local="129869888229719654" remote="129869809800000000" Dst="0" />
<file name="sep1.gif" server="ftp.chimphost.net//public_html/backups/rocketband/" local="129869878208794512" remote="129869809800000000" Dst="0" />
<file name="share7.gif" server="ftp.chimphost.net//public_html/backups/rocketband/" local="129869887420000000" remote="129881059800000000" Dst="0" />
<file name="tab-sep.gif" server="ftp.chimphost.net//public_html/backups/rocketband/" local="129869842300000000" remote="129881059800000000" Dst="0" />
<file name="sub-banner3.jpg" server="ftp.chimphost.net//public_html/backups/rocketband/" local="129869926200000000" remote="129881059800000000" Dst="0" />
<file name="gal-four-col-2.jpg" server="ftp.chimphost.net//public_html/backups/rocketband/" local="129869979921852375" remote="129869865000000000" Dst="0" />
<file name="gal-four-col-1.jpg" server="ftp.chimphost.net//public_html/backups/rocketband/" local="129869979749122495" remote="129869865000000000" Dst="0" />
<file name="gal-four-col-3.jpg" server="ftp.chimphost.net//public_html/backups/rocketband/" local="129869980080000000" remote="129881059200000000" Dst="0" />
<file name="gal-image.png" server="ftp.chimphost.net//public_html/backups/rocketband/" local="129869958840000000" remote="129881059200000000" Dst="0" />
<file name="gal-four-col-4.jpg" server="ftp.chimphost.net//public_html/backups/rocketband/" local="129869980220000000" remote="129881059800000000" Dst="0" />
<file name="gal-music.png" server="ftp.chimphost.net//public_html/backups/rocketband/" local="129869959169735421" remote="129869865000000000" Dst="0" />
<file name="gal-three-col-1.jpg" server="ftp.chimphost.net//public_html/backups/rocketband/" local="129869970340000000" remote="129881059800000000" Dst="0" />
<file name="gal-three-col-2.jpg" server="ftp.chimphost.net//public_html/backups/rocketband/" local="129869970486932728" remote="129869865000000000" Dst="0" />
<file name="gal-three-col-3.jpg" server="ftp.chimphost.net//public_html/backups/rocketband/" local="129869970600000000" remote="129881059800000000" Dst="0" />
<file name="gal-video.png" server="ftp.chimphost.net//public_html/backups/rocketband/" local="129869958440000000" remote="129881059800000000" Dst="0" />
<file name="gal-two-col-2.jpg" server="ftp.chimphost.net//public_html/backups/rocketband/" local="129869960340000000" remote="129881059800000000" Dst="0" />
<file name="gal-two-col-1.jpg" server="ftp.chimphost.net//public_html/backups/rocketband/" local="129869960160000000" remote="129881059800000000" Dst="0" />
<file name="calendar-arrows.png" server="ftp.chimphost.net//public_html/backups/rocketband/" local="129876732300000000" remote="129881059200000000" Dst="0" />
<file name="clock.png" server="ftp.chimphost.net//public_html/backups/rocketband/" local="129876013920000000" remote="129881059200000000" Dst="0" />
<file name="close.png" server="ftp.chimphost.net//public_html/backups/rocketband/" local="129876687180000000" remote="129881059200000000" Dst="0" />
<file name="date.png" server="ftp.chimphost.net//public_html/backups/rocketband/" local="129876007744866896" remote="129876730800000000" Dst="0" />
<file name="gig1.gif" server="ftp.chimphost.net//public_html/backups/rocketband/" local="129876014740000000" remote="129881059800000000" Dst="0" />
<file name="gig2.gif" server="ftp.chimphost.net//public_html/backups/rocketband/" local="129876014960000000" remote="129881059800000000" Dst="0" />
<file name="gig3.gif" server="ftp.chimphost.net//public_html/backups/rocketband/" local="129876015140000000" remote="129881059800000000" Dst="0" />
<file name="gig4.gif" server="ftp.chimphost.net//public_html/backups/rocketband/" local="129876015384823876" remote="129876730800000000" Dst="0" />
<file name="gig5.gif" server="ftp.chimphost.net//public_html/backups/rocketband/" local="129876015620000000" remote="129881059800000000" Dst="0" />
<file name="gray.gif" server="ftp.chimphost.net//public_html/backups/rocketband/" local="129876006520000000" remote="129881059800000000" Dst="0" />
<file name="location.png" server="ftp.chimphost.net//public_html/backups/rocketband/" local="129876014380000000" remote="129881059800000000" Dst="0" />
<file name="map-point.png" server="ftp.chimphost.net//public_html/backups/rocketband/" local="129876778984443997" remote="129876730800000000" Dst="0" />
<file name="pointer.gif" server="ftp.chimphost.net//public_html/backups/rocketband/" local="129876013480000000" remote="129881059800000000" Dst="0" />
<file name="rockit-touch-icon-114x114.png" server="ftp.chimphost.net//public_html/backups/rocketband/" local="129864755440000000" remote="129881059800000000" Dst="0" />
<file name="rockit-touch-icon-72x72.png" server="ftp.chimphost.net//public_html/backups/rocketband/" local="129864755204084530" remote="129876730800000000" Dst="0" />
<file name="rockit-touch-icon.png" server="ftp.chimphost.net//public_html/backups/rocketband/" local="129864755660000000" remote="129881059800000000" Dst="0" />
<file name="sun-shadow.png" server="ftp.chimphost.net//public_html/backups/rocketband/" local="128576515300000000" remote="129881059800000000" Dst="0" />
<file name="sun.png" server="ftp.chimphost.net//public_html/backups/rocketband/" local="129733633600000000" remote="129881059800000000" Dst="0" />
<file name="pause.gif" server="ftp.chimphost.net//public_html/backups/rocketband/" local="129878479800000000" remote="129881059800000000" Dst="0" />
</dwsync>