<?xml version="1.0" encoding="utf-8" ?>
<dwsync>
<file name="layout.css" server="ftp.chimphost.net//public_html/backups/rocketband/" local="129847173000000000" remote="129878342400000000" Dst="0" />
<file name="skeleton.css" server="ftp.chimphost.net//public_html/backups/rocketband/" local="129881201662565106" remote="129881059200000000" Dst="0" />
<file name="base.css" server="ftp.chimphost.net//public_html/backups/rocketband/" local="129869893068692312" remote="129878342400000000" Dst="0" />
<file name="color.css" server="ftp.chimphost.net//public_html/backups/rocketband/" local="129877718141572695" remote="129878342400000000" Dst="0" />
<file name="style.css" server="ftp.chimphost.net//public_html/backups/rocketband/" local="129881199222995571" remote="129881059200000000" Dst="0" />
<file name="player.css" server="ftp.chimphost.net//public_html/backups/rocketband/" local="129866626380000000" remote="129881059200000000" Dst="0" />
<file name="fullcalendar.css" server="ftp.chimphost.net//public_html/backups/rocketband/" local="129877819685210659" remote="129878342400000000" Dst="0" />
<file name="fancybox.css" server="ftp.chimphost.net//public_html/backups/rocketband/" local="129844820340000000" remote="129881059200000000" Dst="0" />
</dwsync>